<?xml version="1.0" ?>
<!--
 Licensed to the Apache Software Foundation (ASF) under one or more
 contributor license agreements.  See the NOTICE file distributed with
 this work for additional information regarding copyright ownership.
 The ASF licenses this file to You under the Apache License, Version 2.0
 (the "License"); you may not use this file except in compliance with
 the License.  You may obtain a copy of the License at

     http://www.apache.org/licenses/LICENSE-2.0

 Unless required by applicable law or agreed to in writing, software
 distributed under the License is distributed on an "AS IS" BASIS,
 WITHOUT WARRANTIES OR CONDITIONS OF ANY KIND, either express or implied.
 See the License for the specific language governing permissions and
 limitations under the License.
-->

<schema name="default" version="1.1">
  <types>
    <fieldtype name="string"  class="solr.StrField" sortMissingLast="true" omitNorms="true"/>
    <fieldType name="boolean" class="solr.BoolField" sortMissingLast="true" omitNorms="true"/>

    <!-- Numeric field types that manipulate the value into
         a string value that isn't human-readable in its internal form,
         but with a lexicographic ordering the same as the numeric ordering,
         so that range queries work correctly. -->
    <fieldType name="sint" class="solr.SortableIntField" sortMissingLast="true" omitNorms="true"/>
    <fieldType name="slong" class="solr.SortableLongField" sortMissingLast="true" omitNorms="true"/>
    <fieldType name="sfloat" class="solr.SortableFloatField" sortMissingLast="true" omitNorms="true"/>
    <fieldType name="sdouble" class="solr.SortableDoubleField" sortMissingLast="true" omitNorms="true"/>

    <fieldType name="date" class="solr.DateField" sortMissingLast="true" omitNorms="true"/>

    <fieldType name="text" class="solr.TextField" positionIncrementGap="100">
      <analyzer type="index">
        <tokenizer class="solr.WhitespaceTokenizerFactory"/>
        <!-- in this example, we will only use synonyms at query time
        <filter class="solr.SynonymFilterFactory" synonyms="index_synonyms.txt" ignoreCase="true" expand="false"/>
        -->
        <filter class="solr.StopFilterFactory" ignoreCase="true" words="stopwords.txt"/>
        <filter class="solr.WordDelimiterFilterFactory" generateWordParts="1" generateNumberParts="1" catenateWords="1" catenateNumbers="1" catenateAll="0"/>
        <filter class="solr.LowerCaseFilterFactory"/>
        <filter class="solr.EnglishPorterFilterFactory" protected="protwords.txt"/>
        <filter class="solr.RemoveDuplicatesTokenFilterFactory"/>
      </analyzer>
      <analyzer type="query">
        <tokenizer class="solr.WhitespaceTokenizerFactory"/>
        <filter class="solr.SynonymFilterFactory" synonyms="synonyms.txt" ignoreCase="true" expand="true"/>
        <filter class="solr.StopFilterFactory" ignoreCase="true" words="stopwords.txt"/>
        <filter class="solr.WordDelimiterFilterFactory" generateWordParts="1" generateNumberParts="1" catenateWords="0" catenateNumbers="0" catenateAll="0"/>
        <filter class="solr.LowerCaseFilterFactory"/>
        <filter class="solr.EnglishPorterFilterFactory" protected="protwords.txt"/>
        <filter class="solr.RemoveDuplicatesTokenFilterFactory"/>
      </analyzer>
    </fieldType>

    <fieldType name="text_ws" class="solr.TextField" positionIncrementGap="100">
      <analyzer>
        <tokenizer class="solr.WhitespaceTokenizerFactory"/>
      </analyzer>
    </fieldType>
  </types>

  <fields>   
    <!-- general -->
    <field name="id" type="string" indexed="true" stored="true" multiValued="false" required="true"/>
    <field name="django_ct" type="string" indexed="true" stored="true" multiValued="false" />
    <field name="django_id" type="string" indexed="true" stored="true" multiValued="false" />

    <dynamicField name="*_i"  type="sint"    indexed="true"  stored="true"/>
    <dynamicField name="*_s"  type="string"  indexed="true"  stored="true"/>
    <dynamicField name="*_l"  type="slong"   indexed="true"  stored="true"/>
    <dynamicField name="*_t"  type="text"    indexed="true"  stored="true"/>
    <dynamicField name="*_b"  type="boolean" indexed="true"  stored="true"/>
    <dynamicField name="*_f"  type="sfloat"  indexed="true"  stored="true"/>
    <dynamicField name="*_d"  type="sdouble" indexed="true"  stored="true"/>
    <dynamicField name="*_dt" type="date"    indexed="true"  stored="true"/>
    

    <field name="text" type="text" indexed="true" stored="true" multiValued="false" />

    <field name="pub_date" type="date" indexed="true" stored="true" multiValued="false" />

    <field name="user" type="text" indexed="true" stored="true" multiValued="false" />

  </fields>

  <!-- field to use to determine and enforce document uniqueness. -->
  <uniqueKey>id</uniqueKey>

  <!-- field for the QueryParser to use when an explicit fieldname is absent -->
  <defaultSearchField>text</defaultSearchField>

  <!-- SolrQueryParser configuration: defaultOperator="AND|OR" -->
  <solrQueryParser defaultOperator="AND" />
</schema>


